INSERT INTO employees (emp_no, age, first_name, last_name, gender, hire_date) VALUES 
(0001, 47, 'Kai', 'Le', 'M', '2022-02-05');
(0002, 58, 'Robert', 'Patel', 'M', '2013-10-11'),
(0003, 34, 'Cameron', 'Lo', 'M', '2019-03-24'),
(0004, 39, 'Harper', 'Castillo', 'F', '2018-04-07'),
(0005, 42, 'Harper', 'Dominguez', 'F', '2005-06-18'),
(0006, 62, 'Ezra', 'Vu', 'M', '2004-04-22'),
(0007, 58, 'Jade', 'Hu', 'F', '2009-06-27'),
(0008, 62, 'Miles', 'Chang', 'M', '1999-02-19'),
(0009, 52, 'Jameson', 'Thomas', 'M', '2015-02-05'),
(0010, 63, 'Bella', 'Wu', 'F', '2014-08-04'),
(0011, 45, 'Jose', 'Wang', 'M', '2017-05-11'),
(0012, 36, 'Lucas', 'Richardson', 'M', '2018-07-22'),
(0013, 62, 'Luna', 'Lu', 'F', '1997-07-26'),
(0014, 61, 'Ivy', 'Chau', 'F', '2019-03-03'),
(0015, 63, 'Sophia', 'Gutierrez', 'F', '2009-02-08'),
(0016, 42, 'Lillian', 'Lewis', 'F', '2013-08-14'),
(0017, 55, 'Charles', 'Simmons', 'M', '2004-05-13'),
(0018, 50, 'Leonardo', 'Carter', 'M', '2022-09-07'),
(0019, 54, 'Landon', 'Gonzales', 'M', '2009-08-30'),
(0020, 54, 'Jeremiah', 'Cheng', 'M', '2022-05-02'),
(0021, 43, 'Leah', 'Vega', 'F', '2008-06-03'),
(0022, 52, 'Jaxson', 'Liu', 'M', '2019-10-19'),
(0023, 39, 'Kinsley', 'Liang', 'F', '2010-08-25'),
(0024, 42, 'Luca', 'Powell', 'M', '2016-12-10'),
(0025, 38, 'Leonardo', 'Ni', 'M', '2015-06-17');



INSERT INTO departments(dept_no, dept_name) VALUES 
('d001', 'Engineering');
('d002', 'Sales'),
('d003', 'IT'),
('d004', 'Accounting'),
('d005', 'Finance'),
('d006', 'Marketing'),
('d007', 'Human Resources');

INSERT INTO dept_emp(emp_no, dept_no,from_date,to_date) VALUES 
(0001, 'd001', '2022-02-05', '9999-01-01'),
(0002, 'd002', '2013-10-11', '9999-01-01'),
(0003, 'd003', '2019-03-24', '9999-01-01'),
(0004, 'd003', '2018-04-07', '9999-01-01'),
(0005, 'd001', '2005-06-18', '9999-01-01'),
(0006, 'd003', '2004-04-22', '2014-02-14'),
(0007, 'd004', '2009-06-27', '9999-01-01'),
(0008, 'd005', '1999-02-19', '9999-01-01'),
(0009, 'd005', '2015-02-05', '9999-01-01'),
(0010, 'd005', '2014-08-04', '9999-01-01'),
(0011, 'd003', '2017-05-11', '9999-01-01'),
(0012, 'd006', '2018-07-22', '9999-01-01'),
(0013, 'd003', '1997-07-26', '2004-10-09'),
(0014, 'd002', '2019-03-03', '9999-01-01'),
(0015, 'd004', '2009-02-08', '9999-01-01'),
(0016, 'd003', '2013-08-14', '9999-01-01'),
(0017, 'd002', '2004-05-13', '9999-01-01'),
(0018, 'd007', '2022-09-07', '9999-01-01'),
(0019, 'd001', '2009-08-30', '9999-01-01'),
(0020, 'd006', '2022-05-02', '9999-01-01'),
(0021, 'd007', '2008-06-03', '9999-01-01'),
(0022, 'd007', '2019-10-19', '9999-01-01'),
(0023, 'd001', '2010-08-25', '9999-01-01'),
(0024, 'd003', '2016-12-10', '9999-01-01'),
(0025, 'd006', '2015-06-17', '2019-05-14');

INSERT INTO dept_manager(dept_no, emp_no, from_date, to_date) VALUES
('d001', 0005, '2009-06-18', '9999-01-01'),
('d005', 0009, '2017-02-05', '9999-01-01'),
('d003', 0011, '2020-09-19', '9999-01-01'),
('d006', 0012, '2018-07-22', '9999-01-01'),
('d004', 0015, '2009-02-08','9999-01-01'),
('d002', 0017, '2004-05-13', '9999-01-01'),
('d007', 0021, '2019-10-19', '9999-01-01');




INSERT INTO titles(emp_no, title, from_date, to_date) VALUES
(0001, 'Controls Engineer', '2022-02-05', '9999-01-01'),
(0002, 'Analyst', '2013-10-11', '9999-01-01'),
(0003, 'Network Administrator', '2019-03-24', '9999-01-01'),
(0004, 'IT Systems Architect', '2018-04-07', '9999-01-01'),
(0005, 'Engineering Manager', '2009-06-18', '9999-01-01'),
(0006, 'Network Administrator', '2004-04-22', '2014-02-14'),
(0007, 'Sr. Analyst', '2009-06-27', '9999-01-01'),
(0008, 'Analyst II', '1999-02-19', '9999-01-01'),
(0009, 'Finance Manager', '2015-02-05', '9999-01-01'),
(0010, 'Sr. Analyst', '2014-08-04', '9999-01-01'),
(0011, 'IT Manager', '2020-09-19', '9999-01-01'),
(0012, 'Marketing Manager', '2018-07-22', '9999-01-01'),
(0013, 'IT Systems Architect', '1997-07-26', '2004-10-09'),
(0014, 'Analyst', '2019-03-03', '9999-01-01'),
(0015, 'Accounting Manager', '2009-02-08', '9999-01-01'),
(0016, 'Technical Architect', '2013-08-14', '9999-01-01'),
(0017, 'Sales Manager', '2004-05-13', '9999-01-01'),
(0018, 'Business Partner', '2022-09-07', '9999-01-01'),
(0019, 'Test Engineer', '2009-08-30', '9999-01-01'),
(0020, 'Sr. Analyst', '2022-05-02', '9999-01-01'),
(0021, 'Business Partner', '2008-06-03', '9999-01-01'),
(0022, 'Human Resources Manager', '2019-10-19', '9999-01-01'),
(0023, 'Automation Engineer', '2010-08-25', '9999-01-01'),
(0024, 'IT Coordinator', '2016-12-10', '9999-01-01'),
(0025, 'Analyst', '2015-06-17', '2019-05-14');

INSERT INTO salaries(emp_no, salary, from_date, to_date) VALUES
(0001, 92368, '2023-02-05', '9999-01-01'),
(0002, 45703, '2018-11-09', '9999-01-01'),
(0003, 83576, '2019-03-24', '9999-01-01'),
(0004, 98062, '2020-01-01', '9999-01-01'),
(0005, 175391, '2009-06-18', '9999-01-01'),
(0006, 66227, '2004-04-22', '2014-02-14'),
(0007, 89744, '2009-06-27', '9999-01-01'),
(0008, 69674, '1999-02-19', '9999-01-01'),
(0009, 105879, '1999-02-19', '9999-01-01'),
(0010, 40499, '2014-08-04', '9999-01-01'),
(0011, 150558, '2020-09-19', '9999-01-01'),
(0012, 118912, '2018-07-22', '9999-01-01'),
(0013, 64208, '1997-07-26', '2004-10-09'),
(0014, 54811, '2019-03-03', '9999-01-01'),
(0015, 102649, '2009-02-08', '9999-01-01'),
(0016, 83323, '2013-08-14', '9999-01-01'),
(0017, 113525, '2004-05-13', '9999-01-01'),
(0018, 54931, '2022-09-07', '9999-01-01'),
(0019, 88689, '2009-08-30', '9999-01-01'),
(0020, 70946, '2022-05-02', '9999-01-01'),
(0021, 169674, '2008-06-03', '9999-01-01'),
(0022, 113525, '2019-10-19', '9999-01-01'),
(0023, 89744, '2010-08-25', '9999-01-01'),
(0024, 54700, '2016-12-10', '9999-01-01'),
(0025, 57727,  '2015-06-17', '2019-05-14');


